Question,Answer
Which fruit do you like the most?,"I appreciate all fruits, but Watermelon and Strawberries are at the top of my list."
Which fruit is highest in vitamin C?,"Kakadu Plums hold the record for the highest concentration of vitamin C, with up to 2,907 mg per 100 grams."
Can you tell me a fruit rich in vitamin D?,"Oranges are notable for their vitamin D content, with a cup of orange juice offering about 100 IU of vitamin D."
What's the world's favorite fruit?,"Bananas take the crown as the most consumed fruit globally, with over 100 billion eaten each year."
Do fruits contain sugar?,"Yes, fruits have natural sugars, but they're healthier than the sugars in processed foods."
What are the benefits of eating strawberries?,"Strawberries boost vitamin C intake and the immune system, potentially reducing illness risk. ğŸ“"
How can bananas benefit my health?,"Bananas are beneficial for fiber, heart health, digestion, energy, and muscle function. ğŸŒ™"
What health advantages do grapes offer?,"Grapes support heart and eye health, enhance memory and mood, and promote bone health. ğŸ‡"
What makes apples good for you?,"Apples are a source of fiber and antioxidants, contributing to heart health and possibly reducing cancer risk. ğŸ"
Why should I eat watermelon?,Watermelon's high water content and potassium make it excellent for hydration and preventing post-exercise cramps. ğŸ‰
What are the health perks of oranges?,"Rich in vitamin C, oranges protect cells from damage and strengthen the immune system. ğŸŠ"
How can I use fruits in cooking?,"Fruits can be incorporated into a variety of recipes, such as fruit salsas, salads, baked goods, and even grilled dishes."
How do I make a fruit salsa?,"Mix diced mango, pineapple, or peach with onion, cilantro, lime juice, and jalapeÃ±o for a delightful fruit salsa, perfect with grilled meats or as a dip."
What's a simple fruit salad recipe?,"Combine apple, pear, orange, and strawberry slices with your favorite greens for a refreshing fruit salad."
List some red fruits.,"Red fruits include apples, strawberries, cherries, raspberries, tomatoes, and pomegranates."
